t,y
0.0,0.0
0.20000000000004547,-3.100000000011427e-05
0.4000000000000341,0.001590999999999898
0.6000000000000227,0.004381999999999886
0.8000000000000114,0.00703699999999996
1.0,0.010166999999999815
1.2000000000000455,0.013230999999999993
1.400000000000034,0.016567999999999916
1.6000000000000227,0.019668999999999937
1.8000000000000114,0.022750999999999966
2.0,0.025850999999999846
2.2000000000000455,0.028694999999999915
2.400000000000034,0.030151999999999957
2.6000000000000227,0.0307599999999999
2.8000000000000114,0.03267599999999993
3.0,0.03470200000000001
3.2000000000000455,0.03707399999999983
3.400000000000034,0.03985899999999987
3.6000000000000227,0.042206999999999883
3.8000000000000114,0.04327399999999981
4.0,0.04500499999999996
4.2000000000000455,0.04879499999999992
4.400000000000034,0.053007000000000026
4.600000000000023,0.056365999999999916
4.800000000000011,0.05923299999999987
5.0,0.06180199999999991
5.2000000000000455,0.06302999999999992
5.400000000000034,0.06413699999999989
5.600000000000023,0.0655619999999999
5.800000000000011,0.06812299999999993
6.0,0.07055599999999984
6.2000000000000455,0.07268299999999983
6.400000000000034,0.07454899999999998
6.600000000000023,0.07726699999999997
6.800000000000011,0.08009
7.0,0.08331099999999991
7.2000000000000455,0.08509599999999984
7.400000000000034,0.08599699999999988
7.600000000000023,0.08725699999999992
7.800000000000011,0.08845799999999993
8.0,0.08886099999999986
8.200000000000045,0.089893
8.400000000000034,0.09218799999999994
8.600000000000023,0.09438799999999992
8.800000000000011,0.09592499999999982
9.0,0.09743199999999996
9.200000000000045,0.09984399999999982
9.400000000000034,0.10160199999999997
9.600000000000023,0.10215899999999989
9.800000000000011,0.10318199999999988
10.0,0.10499499999999995
10.200000000000045,0.10623399999999994
10.400000000000034,0.1066689999999999
10.600000000000023,0.10638099999999984
10.800000000000011,0.10571399999999986
11.0,0.10589899999999997
11.200000000000045,0.10724
11.400000000000034,0.10869099999999987
11.600000000000023,0.11120899999999989
11.800000000000011,0.11309899999999984
12.0,0.11471900000000002
12.200000000000045,0.116622
12.400000000000034,0.11874399999999996
12.600000000000023,0.1202399999999999
12.800000000000011,0.12278899999999981
13.0,0.12446999999999986
13.200000000000045,0.12410699999999997
13.400000000000034,0.12256599999999995
13.600000000000023,0.12193199999999993
13.800000000000011,0.12250699999999992
14.0,0.12448499999999996
14.200000000000045,0.12749900000000003
14.400000000000034,0.1317539999999997
14.600000000000023,0.13450800000000007
14.800000000000011,0.1360539999999999
15.0,0.13625999999999983
15.200000000000045,0.13633200000000012
15.400000000000034,0.13530399999999987
15.600000000000023,0.13556099999999982
15.800000000000011,0.13648100000000007
16.0,0.13842999999999983
16.200000000000045,0.13965899999999976
16.400000000000034,0.14118199999999992
16.600000000000023,0.14258499999999974
16.80000000000001,0.142374
17.0,0.14096700000000006
17.200000000000045,0.13949499999999992
17.400000000000034,0.14099499999999998
17.600000000000023,0.14297999999999988
17.80000000000001,0.1455089999999999
18.0,0.14748899999999998
18.200000000000045,0.1498839999999999
18.400000000000034,0.1500769999999998
18.600000000000023,0.15065899999999988
18.80000000000001,0.1517449999999998
19.0,0.153891
19.200000000000045,0.15534799999999982
19.400000000000034,0.15678199999999998
19.600000000000023,0.1583629999999998
19.80000000000001,0.15926499999999977
20.0,0.15888600000000008
20.200000000000045,0.15716499999999978
20.400000000000034,0.15622099999999972
20.600000000000023,0.15441099999999985
20.80000000000001,0.15373099999999984
21.0,0.15396699999999996
21.200000000000045,0.15670399999999973
21.400000000000034,0.15746300000000013
21.600000000000023,0.15827600000000008
21.80000000000001,0.1593929999999999
22.0,0.1606439999999998
22.200000000000045,0.16190899999999986
22.400000000000034,0.164528
22.600000000000023,0.16622399999999993
22.80000000000001,0.166215
23.0,0.16561099999999995
23.200000000000045,0.16405800000000004
23.400000000000034,0.16355600000000003
23.600000000000023,0.1644460000000001
23.80000000000001,0.16669099999999992
24.0,0.16906900000000014
24.200000000000045,0.1716559999999998
24.400000000000034,0.17252099999999992
24.600000000000023,0.172331
24.80000000000001,0.17169600000000007
25.0,0.17036299999999982
25.200000000000045,0.16895799999999972
25.400000000000034,0.1680680000000001
25.600000000000023,0.16723299999999974
25.80000000000001,0.167273
26.0,0.16937899999999995
26.200000000000045,0.17188000000000003
26.400000000000034,0.1739219999999999
26.600000000000023,0.17634400000000006
26.80000000000001,0.17701100000000003
27.0,0.17621599999999993
27.200000000000045,0.17508099999999982
27.400000000000034,0.17449099999999995
27.600000000000023,0.1750830000000001
27.80000000000001,0.17582399999999976
28.0,0.17630099999999982
28.200000000000045,0.17624499999999999
28.400000000000034,0.17600899999999986
28.600000000000023,0.17622099999999974
28.80000000000001,0.17602799999999985
29.0,0.17701100000000003
29.200000000000045,0.17769499999999971
29.400000000000034,0.17830999999999997
29.600000000000023,0.17779900000000004
29.80000000000001,0.17890200000000012
30.0,0.17817700000000003
30.200000000000045,0.17840499999999992
30.400000000000034,0.17983900000000008
30.600000000000023,0.18140299999999976
30.80000000000001,0.18207399999999985
31.0,0.18318899999999982
31.200000000000045,0.18524799999999986
31.400000000000034,0.1859529999999998
31.600000000000023,0.18671199999999977
31.80000000000001,0.18701199999999996
32.0,0.1880520000000001
32.200000000000045,0.1879169999999999
32.400000000000034,0.18769000000000013
32.60000000000002,0.18720000000000003
32.80000000000001,0.18743599999999971
33.0,0.18842499999999984
33.200000000000045,0.1889860000000001
33.400000000000034,0.19020099999999984
33.60000000000002,0.19078899999999988
33.80000000000001,0.1918629999999999
34.0,0.19317799999999985
34.200000000000045,0.19551800000000008
34.400000000000034,0.19683799999999985
34.60000000000002,0.1971480000000001
34.80000000000001,0.19702499999999978
35.0,0.19450699999999999
35.200000000000045,0.1927700000000001
35.400000000000034,0.19248700000000007
35.60000000000002,0.19492599999999993
35.80000000000001,0.196785
36.0,0.1989240000000001
36.200000000000045,0.19902900000000012
36.400000000000034,0.1982139999999999
36.60000000000002,0.19684999999999975
36.80000000000001,0.19511199999999973
37.0,0.19546599999999992
37.200000000000045,0.19649300000000003
37.400000000000034,0.1977049999999998
37.60000000000002,0.19702299999999995
37.80000000000001,0.19802500000000012
38.0,0.19934499999999988
38.200000000000045,0.2009169999999998
38.400000000000034,0.20200699999999983
38.60000000000002,0.20341199999999993
38.80000000000001,0.2043950000000001
39.0,0.20415300000000003
39.200000000000045,0.20294900000000005
39.400000000000034,0.20275500000000002
39.60000000000002,0.203295
39.80000000000001,0.2038580000000001
40.0,0.20428199999999985
40.200000000000045,0.20608999999999988
40.400000000000034,0.20757500000000007
40.60000000000002,0.20847499999999974
40.80000000000001,0.20797699999999986
41.0,0.20832099999999998
41.200000000000045,0.20766700000000005
41.400000000000034,0.2070799999999997
41.60000000000002,0.20622200000000013
41.80000000000001,0.20648999999999984
42.0,0.20521999999999996
42.200000000000045,0.20551799999999987
42.400000000000034,0.20584199999999986
42.60000000000002,0.20674999999999977
42.80000000000001,0.20663399999999998
43.0,0.20784500000000006
43.200000000000045,0.2101649999999997
43.400000000000034,0.2125509999999997
43.60000000000002,0.21374500000000007
43.80000000000001,0.2144649999999999
44.0,0.21458799999999978
44.200000000000045,0.21290799999999988
44.400000000000034,0.21056999999999992
44.60000000000002,0.20987500000000003
44.80000000000001,0.21152499999999974
45.0,0.21314999999999995
45.200000000000045,0.21409299999999987
45.400000000000034,0.21482299999999976
45.60000000000002,0.21629300000000007
45.80000000000001,0.215924
46.0,0.2147279999999998
46.200000000000045,0.21374999999999988
46.400000000000034,0.21308499999999975
46.60000000000002,0.211441
46.80000000000001,0.2104489999999999
47.0,0.210688
47.200000000000045,0.21145899999999984
47.400000000000034,0.2127549999999998
47.60000000000002,0.21441900000000014
47.80000000000001,0.21512700000000007
48.0,0.21552400000000005
48.200000000000045,0.21574199999999988
48.400000000000034,0.2157739999999999
48.60000000000002,0.21542600000000012
48.80000000000001,0.21670000000000011
49.0,0.2171160000000001
49.200000000000045,0.21653299999999986
49.400000000000034,0.21660599999999985
49.60000000000002,0.21721299999999988
49.80000000000001,0.21747399999999995
50.0,0.218167
50.200000000000045,0.21867999999999976
50.400000000000034,0.21804499999999982
50.60000000000002,0.21691999999999978
50.80000000000001,0.21521600000000007
51.0,0.2146459999999999
51.200000000000045,0.21532499999999977
51.400000000000034,0.21567599999999998
51.60000000000002,0.21714100000000003
51.80000000000001,0.21819600000000006
52.0,0.219746
52.200000000000045,0.22099299999999977
52.400000000000034,0.22318599999999988
52.60000000000002,0.22257499999999975
52.80000000000001,0.2219629999999999
53.0,0.22074499999999975
53.200000000000045,0.22035300000000002
53.400000000000034,0.22138600000000008
53.60000000000002,0.22344299999999984
53.80000000000001,0.2263219999999999
54.0,0.22745599999999988
54.200000000000045,0.22702099999999992
54.400000000000034,0.22484999999999977
54.60000000000002,0.22412999999999994
54.80000000000001,0.2233210000000001
55.0,0.22242699999999993
55.200000000000045,0.22157300000000002
55.400000000000034,0.221341
55.60000000000002,0.22067199999999976
55.80000000000001,0.22004800000000002
56.0,0.21949699999999983
56.200000000000045,0.21956900000000013
56.400000000000034,0.21927300000000005
56.60000000000002,0.21919599999999995
56.80000000000001,0.2186380000000001
57.0,0.21963500000000002
57.200000000000045,0.21986899999999987
57.400000000000034,0.2213769999999997
57.60000000000002,0.22192600000000007
57.80000000000001,0.2233289999999999
58.0,0.22257100000000007
58.200000000000045,0.22344699999999995
58.400000000000034,0.22182199999999974
58.60000000000002,0.22067100000000006
58.80000000000001,0.2199059999999997
59.0,0.22100399999999998
59.200000000000045,0.22191499999999986
59.400000000000034,0.22500599999999982
59.60000000000002,0.22752700000000003
59.80000000000001,0.2282179999999998
60.0,0.22876099999999977
60.200000000000045,0.22831699999999988
60.400000000000034,0.227603
60.60000000000002,0.2269819999999998
60.80000000000001,0.22747499999999987
61.0,0.22821000000000002
61.200000000000045,0.22961500000000012
61.400000000000034,0.23043199999999975
61.60000000000002,0.23137699999999994
61.80000000000001,0.23219899999999982
62.0,0.2323639999999998
62.200000000000045,0.23170200000000007
62.400000000000034,0.23053000000000012
62.60000000000002,0.23021999999999987
62.80000000000001,0.22997199999999984
63.0,0.2299279999999999
63.200000000000045,0.229881
63.400000000000034,0.22998300000000005
63.60000000000002,0.2299
63.80000000000001,0.23077499999999973
64.0,0.2328659999999998
64.20000000000005,0.2345379999999999
64.40000000000003,0.23581699999999972
64.60000000000002,0.23642600000000003
64.80000000000001,0.23565400000000003
65.0,0.23363599999999995
65.20000000000005,0.23209699999999978
65.40000000000003,0.22995699999999997
65.60000000000002,0.22775499999999993
65.80000000000001,0.22673900000000002
66.0,0.22656299999999985
66.20000000000005,0.22729200000000005
66.40000000000003,0.22958199999999995
66.60000000000002,0.23168900000000003
66.80000000000001,0.2324520000000001
67.0,0.23205699999999996
67.20000000000005,0.231622
67.40000000000003,0.23217900000000014
67.60000000000002,0.23318600000000012
67.80000000000001,0.23364000000000007
68.0,0.2334219999999998
68.20000000000005,0.23338499999999995
68.40000000000003,0.23267499999999974
68.60000000000002,0.23238800000000004
68.80000000000001,0.23349499999999979
69.0,0.2359039999999999
69.20000000000005,0.2386600000000001
69.40000000000003,0.23962099999999986
69.60000000000002,0.24105200000000004
69.80000000000001,0.24174800000000007
70.0,0.2424630000000001
70.20000000000005,0.24094499999999974
70.40000000000003,0.24078699999999986
70.60000000000002,0.23726800000000003
70.80000000000001,0.2342630000000001
71.0,0.23115399999999986
71.20000000000005,0.23013600000000012
71.40000000000003,0.23012399999999977
71.60000000000002,0.23421299999999978
71.80000000000001,0.23793299999999973
72.0,0.24228699999999992
72.20000000000005,0.24434400000000012
72.40000000000003,0.24475199999999986
72.60000000000002,0.24154299999999984
72.80000000000001,0.2385809999999997
73.0,0.23546
73.20000000000005,0.23379799999999995
73.40000000000003,0.23270999999999975
73.60000000000002,0.2340479999999998
73.80000000000001,0.23599899999999985
74.0,0.23753599999999975
74.20000000000005,0.238062
74.40000000000003,0.2376729999999998
74.60000000000002,0.23651099999999992
74.80000000000001,0.2342639999999998
75.0,0.23270999999999975
75.20000000000005,0.2338150000000001
75.40000000000003,0.2359310000000001
75.60000000000002,0.23673299999999986
75.80000000000001,0.2369779999999999
76.0,0.23730399999999974
76.20000000000005,0.23624699999999987
76.40000000000003,0.23575699999999977
76.60000000000002,0.236807
76.80000000000001,0.23783700000000008
77.0,0.23778999999999972
77.20000000000005,0.23782899999999985
77.40000000000003,0.23669399999999974
77.60000000000002,0.23587899999999995
77.80000000000001,0.23678200000000005
78.0,0.23779799999999995
78.20000000000005,0.2389279999999998
78.40000000000003,0.24040400000000006
78.60000000000002,0.24170499999999984
78.80000000000001,0.24259399999999975
79.0,0.2421629999999999
79.20000000000005,0.24170000000000003
79.40000000000003,0.2410749999999997
79.60000000000002,0.24154399999999998
79.80000000000001,0.24030600000000013
80.0,0.2408300000000001
80.20000000000005,0.24031200000000008
80.40000000000003,0.24061799999999978
80.60000000000002,0.23982300000000012
80.80000000000001,0.24097199999999996
81.0,0.24192699999999978
81.20000000000005,0.24389499999999997
81.40000000000003,0.2446680000000001
81.60000000000002,0.24564199999999992
81.80000000000001,0.24548999999999999
82.0,0.24496000000000007
82.20000000000005,0.2440969999999998
82.40000000000003,0.24355499999999997
82.60000000000002,0.243317
82.80000000000001,0.2429659999999998
83.0,0.2428760000000001
83.20000000000005,0.24314600000000008
83.40000000000003,0.2452970000000001
83.60000000000002,0.24603599999999992
83.80000000000001,0.24622699999999997
84.0,0.24602800000000014
84.20000000000005,0.24605999999999972
84.40000000000003,0.2444789999999999
84.60000000000002,0.24350599999999978
84.80000000000001,0.24447799999999975
85.0,0.24513800000000008
85.20000000000005,0.24512299999999976
85.40000000000003,0.2452249999999998
85.60000000000002,0.24568100000000004
85.80000000000001,0.24458099999999994
86.0,0.24382399999999982
86.20000000000005,0.24307499999999993
86.40000000000003,0.2435219999999998
86.60000000000002,0.24427199999999982
86.80000000000001,0.24660799999999994
87.0,0.24846400000000002
87.20000000000005,0.25004099999999974
87.40000000000003,0.2494289999999999
87.60000000000002,0.24802499999999994
87.80000000000001,0.24624599999999996
88.0,0.24482499999999985
88.20000000000005,0.24463600000000008
88.40000000000003,0.2451540000000001
88.60000000000002,0.24603599999999992
88.80000000000001,0.24598199999999992
89.0,0.24717299999999987
89.20000000000005,0.24824699999999988
89.40000000000003,0.24960500000000008
89.60000000000002,0.24959200000000004
89.80000000000001,0.2506280000000001
90.0,0.251104
90.20000000000005,0.25117199999999973
90.40000000000003,0.2502389999999999
90.60000000000002,0.25024899999999994
90.80000000000001,0.2488379999999999
91.0,0.24690899999999982
91.20000000000005,0.24508799999999975
91.40000000000003,0.24404399999999993
91.60000000000002,0.24350599999999978
91.80000000000001,0.24503600000000003
92.0,0.24661299999999975
92.20000000000005,0.24819599999999986
92.40000000000003,0.24926999999999988
92.60000000000002,0.24952299999999972
92.80000000000001,0.2488379999999999
93.0,0.24911300000000014
93.20000000000005,0.24939500000000003
93.40000000000003,0.24992900000000007
93.60000000000002,0.2512259999999997
93.80000000000001,0.25215699999999974
94.0,0.2513479999999999
94.20000000000005,0.24998799999999988
94.40000000000003,0.24947899999999978
94.60000000000002,0.250205
94.80000000000001,0.2507409999999999
95.0,0.2512019999999999
95.20000000000005,0.2507870000000001
95.40000000000003,0.2499659999999999
95.60000000000002,0.24829699999999977
95.80000000000001,0.24785199999999974
96.0,0.2480819999999999
96.20000000000005,0.24850499999999998
96.40000000000003,0.24830600000000014
96.60000000000002,0.2478619999999998
96.80000000000001,0.2473179999999997
97.0,0.24656100000000003
97.20000000000005,0.24747199999999991
97.40000000000003,0.2487600000000001
97.60000000000002,0.2500530000000001
97.80000000000001,0.24985999999999975
98.0,0.25052300000000005
98.20000000000005,0.24985199999999996
98.40000000000003,0.25053499999999995
98.60000000000002,0.2513669999999999
98.80000000000001,0.2515799999999999
99.0,0.25293999999999994
99.20000000000005,0.2538229999999999
99.40000000000003,0.2537269999999998
99.60000000000002,0.25255099999999975
99.80000000000001,0.25339299999999976
100.0,0.25302
100.20000000000005,0.2534529999999997
100.40000000000003,0.2534669999999999
100.60000000000002,0.25337399999999977
100.80000000000001,0.2526179999999998
101.0,0.2506229999999998
101.20000000000005,0.24852999999999992
101.40000000000003,0.24566599999999972
101.60000000000002,0.24470999999999976
101.80000000000001,0.24533099999999997
102.0,0.2483169999999999
102.20000000000005,0.25189799999999996
102.40000000000003,0.2544169999999999
102.60000000000002,0.25481699999999985
102.80000000000001,0.2550199999999998
103.0,0.2537529999999999
103.20000000000005,0.25172700000000003
103.40000000000003,0.251641
103.60000000000002,0.2531479999999997
103.80000000000001,0.25305200000000005
104.0,0.252397
104.20000000000005,0.2535339999999999
104.40000000000003,0.25450799999999973
104.60000000000002,0.25477400000000006
104.80000000000001,0.2550579999999998
105.0,0.25743700000000014
105.20000000000005,0.2574989999999999
105.40000000000003,0.2561709999999999
105.60000000000002,0.25473699999999977
105.80000000000001,0.25387899999999974
106.0,0.252302
106.20000000000005,0.25243499999999996
106.40000000000003,0.2534799999999999
106.60000000000002,0.25480099999999983
106.80000000000001,0.25509599999999977
107.0,0.255244
107.20000000000005,0.254688
107.40000000000003,0.25556299999999976
107.60000000000002,0.2567250000000001
107.80000000000001,0.25692099999999995
108.0,0.25601799999999986
108.20000000000005,0.2548920000000001
108.40000000000003,0.2539709999999997
108.60000000000002,0.25182499999999997
108.80000000000001,0.25029599999999985
109.0,0.24975999999999998
109.20000000000005,0.25045099999999976
109.40000000000003,0.2513970000000001
109.60000000000002,0.2530979999999998
109.80000000000001,0.25577099999999997
110.0,0.25854299999999975
110.20000000000005,0.2599959999999999
110.40000000000003,0.26042699999999974
110.60000000000002,0.2606789999999999
110.80000000000001,0.2599609999999999
111.0,0.25806600000000013
111.20000000000005,0.25689000000000006
111.40000000000003,0.25506099999999976
111.60000000000002,0.25350099999999975
111.80000000000001,0.2529009999999998
112.0,0.252896
112.20000000000005,0.25285999999999986
112.40000000000003,0.2539709999999997
112.60000000000002,0.2546519999999999
112.80000000000001,0.2542669999999998
113.0,0.2551279999999998
113.20000000000005,0.2557729999999998
113.40000000000003,0.2562550000000001
113.60000000000002,0.25667499999999976
113.80000000000001,0.25803
114.0,0.25835299999999983
114.20000000000005,0.2592809999999999
114.40000000000003,0.25880999999999976
114.60000000000002,0.2594869999999998
114.80000000000001,0.25992199999999976
115.0,0.26140399999999997
115.20000000000005,0.26094400000000006
115.40000000000003,0.2611429999999999
115.60000000000002,0.26054299999999997
115.80000000000001,0.260664
116.0,0.25949699999999987
116.20000000000005,0.2590410000000001
116.40000000000003,0.25775499999999973
116.60000000000002,0.25766999999999984
116.80000000000001,0.2571009999999998
117.0,0.2569060000000001
117.20000000000005,0.25743799999999983
117.40000000000003,0.2600420000000001
117.60000000000002,0.2606599999999999
117.80000000000001,0.260308
118.0,0.2595099999999999
118.20000000000005,0.25799099999999986
118.40000000000003,0.25485599999999997
118.60000000000002,0.25420900000000013
118.80000000000001,0.2540089999999997
119.0,0.2533259999999997
119.20000000000005,0.25345799999999996
119.40000000000003,0.25505100000000014
119.60000000000002,0.255104
119.80000000000001,0.2560659999999999
120.0,0.2563059999999997
120.20000000000005,0.25681799999999977
120.40000000000003,0.25705999999999984
120.60000000000002,0.2577879999999999
120.80000000000001,0.25723000000000007
121.0,0.25823299999999993
121.20000000000005,0.257687
121.40000000000003,0.2574240000000001
121.60000000000002,0.256362
121.80000000000007,0.2573749999999999
122.0,0.25815699999999997
122.20000000000005,0.2599699999999998
122.39999999999998,0.2612859999999999
122.60000000000002,0.26145600000000013
122.80000000000007,0.260807
123.0,0.260181
123.20000000000005,0.2601889999999998
123.39999999999998,0.260289
123.60000000000002,0.2609060000000001
123.80000000000007,0.2608499999999998
124.0,0.26138399999999984
124.20000000000005,0.26161999999999996
124.39999999999998,0.26046899999999984
124.60000000000002,0.259336
124.80000000000007,0.25856999999999997
125.0,0.25778699999999977
125.20000000000005,0.2569739999999998
125.39999999999998,0.2578379999999998
125.60000000000002,0.2599029999999998
125.80000000000007,0.26316899999999976
126.0,0.26550300000000004
126.20000000000005,0.2658729999999998
126.39999999999998,0.2650659999999998
126.60000000000002,0.26492800000000005
126.80000000000007,0.26285499999999984
127.0,0.26104399999999983
127.20000000000005,0.25951800000000014
127.39999999999998,0.259911
127.60000000000002,0.2591970000000001
127.80000000000007,0.2605479999999998
128.0,0.26214399999999993
128.20000000000005,0.26563000000000003
128.39999999999998,0.2663139999999997
128.60000000000002,0.2664120000000001
128.80000000000007,0.26515100000000014
129.0,0.26498200000000005
129.20000000000005,0.26476199999999994
129.39999999999998,0.2652509999999999
129.60000000000002,0.26595899999999983
129.80000000000007,0.2673460000000001
130.0,0.26648899999999975
130.20000000000005,0.2641530000000001
130.39999999999998,0.26269699999999996
130.60000000000002,0.26297100000000007
130.80000000000007,0.263034
131.0,0.26421000000000006
131.20000000000005,0.2655209999999999
131.39999999999998,0.26608999999999994
131.60000000000002,0.26500899999999983
131.80000000000007,0.2630389999999998
132.0,0.2615369999999999
132.20000000000005,0.26185000000000014
132.39999999999998,0.2633460000000001
132.60000000000002,0.265598
132.80000000000007,0.26736399999999994
133.0,0.26800899999999994
133.20000000000005,0.2676290000000001
133.39999999999998,0.2664989999999998
133.60000000000002,0.2648599999999999
133.80000000000007,0.26371100000000003
134.0,0.2630779999999999
134.20000000000005,0.2617860000000001
134.39999999999998,0.260861
134.60000000000002,0.25982099999999986
134.80000000000007,0.2597409999999998
135.0,0.26014000000000004
135.20000000000005,0.26106399999999996
135.39999999999998,0.2600469999999999
135.60000000000002,0.2608110000000001
135.80000000000007,0.26169799999999976
136.0,0.2626980000000001
136.20000000000005,0.26254500000000003
136.39999999999998,0.26372700000000004
136.60000000000002,0.2634209999999999
136.80000000000007,0.2629490000000001
137.0,0.2618229999999999
137.20000000000005,0.262294
137.39999999999998,0.2631019999999997
137.60000000000002,0.26347199999999993
137.80000000000007,0.2626799999999998
138.0,0.263161
138.20000000000005,0.26346499999999984
138.39999999999998,0.26422600000000007
138.60000000000002,0.264413
138.80000000000007,0.2647630000000001
139.0,0.26414499999999985
139.20000000000005,0.2640770000000001
139.39999999999998,0.2635249999999998
139.60000000000002,0.2646019999999998
139.80000000000007,0.26617599999999997
140.0,0.2667710000000001
140.20000000000005,0.26692499999999986
140.39999999999998,0.2660349999999998
140.60000000000002,0.26479200000000014
140.80000000000007,0.26420299999999997
141.0,0.26453100000000007
141.20000000000005,0.26388199999999995
141.39999999999998,0.2636109999999998
141.60000000000002,0.26425999999999994
141.80000000000007,0.26281699999999986
142.0,0.26119599999999976
142.20000000000005,0.261255
142.39999999999998,0.2625870000000001
142.60000000000002,0.26334199999999996
142.80000000000007,0.26490900000000006
143.0,0.2665629999999999
143.20000000000005,0.26552299999999973
143.39999999999998,0.26397500000000007
143.60000000000002,0.26323299999999983
143.80000000000007,0.2625339999999998
144.0,0.2621230000000001
144.20000000000005,0.2634329999999998
144.39999999999998,0.26464299999999974
144.60000000000002,0.26420100000000013
144.80000000000007,0.2641039999999999
145.0,0.2648689999999998
145.20000000000005,0.26445699999999994
145.39999999999998,0.26422600000000007
145.60000000000002,0.2640879999999999
145.80000000000007,0.26406700000000005
146.0,0.2632869999999998
146.20000000000005,0.2644629999999999
146.39999999999998,0.2645829999999998
146.60000000000002,0.2649220000000001
146.80000000000007,0.26606600000000014
147.0,0.26553399999999994
147.20000000000005,0.26485500000000006
147.39999999999998,0.2658189999999998
147.60000000000002,0.267174
147.80000000000007,0.26831800000000006
148.0,0.27038799999999985
148.20000000000005,0.2710699999999997
148.39999999999998,0.2697039999999997
148.60000000000002,0.26693199999999995
148.80000000000007,0.26468400000000014
149.0,0.2629140000000001
149.20000000000005,0.26259600000000005
149.39999999999998,0.263984
149.60000000000002,0.26703699999999997
149.80000000000007,0.26798500000000014
150.0,0.26775099999999985
150.20000000000005,0.26611000000000007
150.39999999999998,0.26465800000000006
150.60000000000002,0.2628769999999998
150.80000000000007,0.2625489999999997
151.0,0.26414499999999985
151.20000000000005,0.26575899999999986
151.39999999999998,0.26654999999999984
151.60000000000002,0.2671840000000001
151.80000000000007,0.2679180000000001
152.0,0.2679259999999999
152.20000000000005,0.26749599999999973
152.39999999999998,0.2665109999999997
152.60000000000002,0.26611399999999974
152.80000000000007,0.26540299999999983
153.0,0.2645129999999998
153.20000000000005,0.2646109999999997
153.39999999999998,0.2652469999999998
153.60000000000002,0.26595800000000014
153.80000000000007,0.2657149999999999
154.0,0.26520999999999995
154.20000000000005,0.2653869999999998
154.39999999999998,0.26647900000000013
154.60000000000002,0.26572600000000013
154.80000000000007,0.2656370000000001
155.0,0.26603
155.20000000000005,0.26625600000000005
155.39999999999998,0.2657749999999999
155.60000000000002,0.26711499999999977
155.80000000000007,0.2685639999999998
156.0,0.27099799999999985
156.20000000000005,0.2710619999999999
156.39999999999998,0.27100499999999994
156.60000000000002,0.269887
156.80000000000007,0.2704289999999998
157.0,0.2696529999999997
157.20000000000005,0.27016299999999993
157.39999999999998,0.2701279999999999
157.60000000000002,0.2693449999999997
157.80000000000007,0.2668349999999997
158.0,0.2652439999999998
158.20000000000005,0.2649250000000001
158.39999999999998,0.2645639999999998
158.60000000000002,0.2653989999999997
158.80000000000007,0.26643400000000006
159.0,0.26744100000000004
159.20000000000005,0.26794099999999976
159.39999999999998,0.26823399999999986
159.60000000000002,0.26724400000000004
159.80000000000007,0.26672300000000004
160.0,0.26635699999999995
160.20000000000005,0.26570000000000005
160.39999999999998,0.2659960000000001
160.60000000000002,0.26777899999999977
160.80000000000007,0.26952299999999974
161.0,0.2709349999999999
161.20000000000005,0.27301700000000007
161.39999999999998,0.2730680000000001
161.60000000000002,0.27354100000000003
161.80000000000007,0.2737179999999999
162.0,0.274389
162.20000000000005,0.2733899999999998
162.39999999999998,0.274154
162.60000000000002,0.2733209999999999
162.80000000000007,0.27289799999999986
163.0,0.2717959999999999
163.20000000000005,0.2704660000000001
163.39999999999998,0.2690919999999999
163.60000000000002,0.2688179999999998
163.80000000000007,0.268057
164.0,0.2669759999999999
164.20000000000005,0.26633600000000013
164.39999999999998,0.26600200000000007
164.60000000000002,0.26599099999999987
164.80000000000007,0.2669680000000001
165.0,0.26836799999999994
165.20000000000005,0.27013200000000004
165.39999999999998,0.27098599999999995
165.60000000000002,0.2718299999999998
165.80000000000007,0.270659
166.0,0.2682610000000001
166.20000000000005,0.2657229999999997
166.39999999999998,0.2645899999999999
166.60000000000002,0.262856
166.80000000000007,0.26246000000000014
167.0,0.26363599999999976
167.20000000000005,0.2647839999999999
167.39999999999998,0.26627299999999976
167.60000000000002,0.26799499999999976
167.80000000000007,0.2693009999999998
168.0,0.2696669999999999
168.20000000000005,0.2722610000000001
168.39999999999998,0.2729600000000001
168.60000000000002,0.2740819999999997
168.80000000000007,0.27455200000000013
169.0,0.2747330000000001
169.20000000000005,0.273331
169.39999999999998,0.27260299999999993
169.60000000000002,0.27143800000000007
169.80000000000007,0.27043700000000004
170.0,0.26914400000000005
170.20000000000005,0.2682960000000001
170.39999999999998,0.2682659999999999
170.60000000000002,0.26803900000000014
170.80000000000007,0.2696599999999998
171.0,0.27153700000000014
171.20000000000005,0.27371600000000007
171.39999999999998,0.27475099999999997
171.60000000000002,0.2754989999999997
171.80000000000007,0.274405
172.0,0.27464100000000014
172.20000000000005,0.27399600000000013
172.39999999999998,0.2746090000000001
172.60000000000002,0.2752579999999998
172.80000000000007,0.276845
173.0,0.2770140000000001
173.20000000000005,0.27752999999999983
173.39999999999998,0.276775
173.60000000000002,0.27629999999999977
173.80000000000007,0.2744759999999997
174.0,0.27396
174.20000000000005,0.2731899999999998
174.39999999999998,0.2739339999999999
174.60000000000002,0.27428699999999995
174.80000000000007,0.2751939999999997
175.0,0.2746449999999998
175.20000000000005,0.2749520000000001
175.39999999999998,0.27309099999999975
175.60000000000002,0.2707379999999999
175.80000000000007,0.27054500000000004
176.0,0.27089699999999994
176.20000000000005,0.269814
176.39999999999998,0.26925200000000005
176.60000000000002,0.2702979999999997
176.80000000000007,0.2707439999999999
177.0,0.27106300000000005
177.20000000000005,0.271695
177.39999999999998,0.27295899999999995
177.60000000000002,0.2734949999999998
177.80000000000007,0.2727989999999998
178.0,0.27160799999999985
178.20000000000005,0.2706359999999999
178.39999999999998,0.26935700000000007
178.60000000000002,0.2686870000000001
178.80000000000007,0.26908599999999994
179.0,0.27009899999999987
179.20000000000005,0.271088
179.39999999999998,0.2729250000000001
179.60000000000002,0.2739149999999999
179.80000000000007,0.27357300000000007
180.0,0.27377099999999976
180.20000000000005,0.27396
180.39999999999998,0.27449800000000013
180.60000000000002,0.27563800000000005
180.80000000000007,0.27834500000000006
181.0,0.2794700000000001
181.20000000000005,0.2791699999999999
181.39999999999998,0.2772939999999997
181.60000000000002,0.2755369999999997
181.80000000000007,0.271892
182.0,0.2697679999999998
182.20000000000005,0.26957600000000004
182.39999999999998,0.27171199999999973
182.60000000000002,0.27243399999999984
182.80000000000007,0.2739179999999999
183.0,0.2747360000000001
183.20000000000005,0.274999
183.39999999999998,0.2755719999999997
183.60000000000002,0.27674299999999996
183.80000000000007,0.2771009999999998
184.0,0.27540399999999976
184.20000000000005,0.2741469999999999
184.39999999999998,0.27151400000000003
184.60000000000002,0.2692369999999997
184.80000000000007,0.269131
185.0,0.26998999999999973
185.20000000000005,0.2709119999999998
185.39999999999998,0.2716109999999998
185.60000000000002,0.2731299999999999
185.80000000000007,0.2731570000000001
186.0,0.27449999999999997
186.20000000000005,0.274745
186.39999999999998,0.27463400000000004
186.60000000000002,0.273328
186.80000000000007,0.27281299999999997
187.0,0.27274799999999977
187.20000000000005,0.2731479999999997
187.39999999999998,0.273995
187.60000000000002,0.27367299999999983
187.80000000000007,0.27293999999999996
188.0,0.2723599999999997
188.20000000000005,0.27348899999999987
188.39999999999998,0.27362700000000006
188.60000000000002,0.273512
188.80000000000007,0.2728149999999998
189.0,0.27187099999999975
189.20000000000005,0.26972699999999983
189.39999999999998,0.2688809999999997
189.60000000000002,0.27010199999999984
189.80000000000007,0.27256099999999983
190.0,0.2746329999999999
190.20000000000005,0.27569699999999986
190.39999999999998,0.274799
190.60000000000002,0.2741770000000001
190.80000000000007,0.2726909999999998
191.0,0.27160399999999973
191.20000000000005,0.2718909999999999
191.39999999999998,0.2733429999999999
191.60000000000002,0.273188
191.80000000000007,0.2742660000000001
192.0,0.2762469999999999
192.20000000000005,0.27821399999999996
192.39999999999998,0.27865000000000006
192.60000000000002,0.2802260000000001
192.80000000000007,0.27977699999999994
193.0,0.278354
193.20000000000005,0.2765630000000001
193.39999999999998,0.276826
193.60000000000002,0.275717
193.80000000000007,0.2757599999999998
194.0,0.2759769999999999
194.20000000000005,0.27526799999999985
194.39999999999998,0.27385799999999993
194.60000000000002,0.27359599999999973
194.80000000000007,0.2731199999999998
195.0,0.27141799999999994
195.20000000000005,0.27066199999999996
195.39999999999998,0.271838
195.60000000000002,0.2722149999999999
195.80000000000007,0.27429100000000006
196.0,0.2764659999999999
196.20000000000005,0.2787870000000001
196.39999999999998,0.2794899999999998
196.60000000000002,0.28050699999999984
196.80000000000007,0.27871599999999996
197.0,0.2782739999999999
197.20000000000005,0.2780560000000001
197.39999999999998,0.27705500000000005
197.60000000000002,0.27693199999999973
197.80000000000007,0.27599700000000005
198.0,0.27454999999999985
198.20000000000005,0.27273599999999987
198.39999999999998,0.2719219999999998
198.60000000000002,0.270405
198.80000000000007,0.27130299999999985
199.0,0.27337600000000006
199.20000000000005,0.275733
199.39999999999998,0.276327
199.60000000000002,0.2763690000000001
199.80000000000007,0.27569699999999986
200.0,0.2747809999999997
200.20000000000005,0.2744009999999999
200.39999999999998,0.2750159999999997
200.60000000000002,0.27514799999999995
200.80000000000007,0.27525299999999997
201.0,0.27457799999999977
201.20000000000005,0.27309499999999987
201.39999999999998,0.2720239999999998
201.60000000000002,0.27362
201.80000000000007,0.2757989999999999
202.0,0.2771809999999999
202.20000000000005,0.2778639999999999
202.39999999999998,0.27842999999999996
202.60000000000002,0.27770399999999973
202.80000000000007,0.2769109999999999
203.0,0.277077
203.20000000000005,0.2770349999999999
203.39999999999998,0.2778180000000001
203.60000000000002,0.2790889999999997
203.80000000000007,0.279504
204.0,0.27865399999999974
204.20000000000005,0.2787089999999999
204.39999999999998,0.2785209999999998
204.60000000000002,0.2779640000000001
204.80000000000007,0.2776750000000001
205.0,0.27928200000000003
205.20000000000005,0.28022099999999983
205.39999999999998,0.28052999999999995
205.60000000000002,0.2795590000000001
205.80000000000007,0.2784310000000001
206.0,0.27655099999999977
206.20000000000005,0.27603299999999975
206.39999999999998,0.2763059999999997
206.60000000000002,0.27754999999999996
206.80000000000007,0.27865000000000006
207.0,0.2798579999999997
207.20000000000005,0.28059100000000003
207.39999999999998,0.28028799999999987
207.60000000000002,0.2814240000000001
207.80000000000007,0.28231300000000004
208.0,0.281744
208.20000000000005,0.27956800000000004
208.39999999999998,0.278392
208.60000000000002,0.276632
208.80000000000007,0.2752049999999999
209.0,0.27500900000000006
209.20000000000005,0.2761439999999997
209.39999999999998,0.2764239999999998
209.5999999999999,0.2760629999999995
209.79999999999995,0.27786799999999956
209.9999999999999,0.2791159999999999
210.19999999999993,0.27982899999999966
210.39999999999998,0.28064299999999975
210.5999999999999,0.28156299999999956
210.79999999999995,0.2820229999999999
210.9999999999999,0.28238099999999977
211.19999999999993,0.2821649999999998
211.39999999999998,0.28250099999999967
211.5999999999999,0.2823949999999995
211.79999999999995,0.28073899999999985
211.9999999999999,0.2776389999999995
212.19999999999993,0.2751189999999999
212.39999999999998,0.2725709999999999
212.5999999999999,0.27008399999999955
212.79999999999995,0.2683299999999995
212.9999999999999,0.26792099999999963
213.19999999999993,0.2675629999999998
213.39999999999998,0.2657389999999997
213.5999999999999,0.26479799999999964
213.79999999999995,0.2639279999999997
213.9999999999999,0.26303999999999994
214.19999999999993,0.2621519999999997
214.39999999999998,0.2624909999999996
214.5999999999999,0.26200999999999985
214.79999999999995,0.26068199999999986
214.9999999999999,0.25877799999999973
215.19999999999993,0.25596899999999967
215.39999999999998,0.2546049999999995
215.5999999999999,0.25303399999999976
215.79999999999995,0.2514679999999998
215.9999999999999,0.25013499999999955
216.19999999999993,0.24983299999999953
216.39999999999998,0.24805099999999958
216.5999999999999,0.24566699999999986
216.79999999999995,0.24462799999999985
216.9999999999999,0.2441009999999999
217.19999999999993,0.24228399999999994
217.39999999999998,0.24062099999999975
217.5999999999999,0.2410049999999997
217.79999999999995,0.24054599999999993
217.9999999999999,0.23775999999999953
218.19999999999993,0.2362799999999996
218.39999999999998,0.23477599999999987
218.5999999999999,0.23288399999999965
218.79999999999995,0.2316889999999996
218.9999999999999,0.23282299999999956
219.19999999999993,0.2333799999999997
219.39999999999998,0.23359099999999988
219.5999999999999,0.23329399999999967
219.79999999999995,0.23156799999999955
219.9999999999999,0.2291829999999997
220.19999999999993,0.2273689999999997
220.39999999999998,0.22659099999999976
220.5999999999999,0.2259939999999998
220.79999999999995,0.22581799999999963
220.9999999999999,0.22604999999999964
221.19999999999993,0.2264499999999996
221.39999999999998,0.2263179999999998
221.5999999999999,0.22490399999999977
221.79999999999995,0.22417999999999982
221.9999999999999,0.22352999999999956
222.19999999999993,0.2230289999999997
222.39999999999998,0.22273299999999963
222.5999999999999,0.22269699999999992
222.79999999999995,0.2218549999999999
222.9999999999999,0.22156799999999977
223.19999999999993,0.22122599999999992
223.39999999999998,0.2210319999999999
223.5999999999999,0.21987399999999968
223.79999999999995,0.21925999999999957
223.9999999999999,0.21796699999999958
224.19999999999993,0.21616599999999964
224.39999999999998,0.2136929999999999
224.5999999999999,0.21389699999999956
224.79999999999995,0.2136889999999998
224.9999999999999,0.21321899999999983
225.19999999999993,0.2120189999999995
225.39999999999998,0.2103529999999998
225.5999999999999,0.20846599999999982
225.79999999999995,0.2077929999999999
225.9999999999999,0.20716999999999985
226.19999999999993,0.20690999999999993
226.39999999999998,0.2081529999999996
226.5999999999999,0.20814899999999992
226.79999999999995,0.20763799999999955
226.9999999999999,0.20910399999999973
227.19999999999993,0.21065399999999967
227.39999999999998,0.21184099999999995
227.5999999999999,0.21282999999999963
227.79999999999995,0.21199299999999988
227.9999999999999,0.2086969999999997
228.19999999999993,0.20597699999999963
228.39999999999998,0.20359099999999963
228.5999999999999,0.20311699999999955
228.79999999999995,0.20347199999999988
228.9999999999999,0.2035589999999996
229.19999999999993,0.20387399999999967
229.39999999999998,0.20300599999999958
229.5999999999999,0.20175299999999985
229.79999999999995,0.2014729999999998
229.9999999999999,0.20308799999999994
230.19999999999993,0.20338899999999982
230.39999999999998,0.20290899999999978
230.5999999999999,0.20205499999999987
230.79999999999995,0.20064799999999994
230.9999999999999,0.19952899999999985
231.19999999999993,0.1998439999999999
231.39999999999998,0.20208399999999993
231.5999999999999,0.2033379999999998
231.79999999999995,0.2039549999999999
231.9999999999999,0.2026019999999995
232.19999999999993,0.2002219999999999
232.39999999999998,0.19665599999999972
232.5999999999999,0.19459999999999966
232.79999999999995,0.19329399999999963
232.9999999999999,0.19206199999999973
233.19999999999993,0.19100399999999973
233.39999999999998,0.19058599999999992
233.5999999999999,0.19025299999999978
233.79999999999995,0.1910139999999998
233.9999999999999,0.19199699999999953
234.19999999999993,0.1923469999999996
234.39999999999998,0.19264899999999963
234.5999999999999,0.19185399999999952
234.79999999999995,0.19043699999999952
234.9999999999999,0.18993799999999972
235.19999999999993,0.19080799999999987
235.39999999999998,0.1909179999999997
235.5999999999999,0.1914499999999999
235.79999999999995,0.19232499999999964
235.9999999999999,0.19344799999999984
236.19999999999993,0.19438899999999992
236.39999999999998,0.19477299999999986
236.5999999999999,0.19375599999999982
236.79999999999995,0.19284999999999974
236.9999999999999,0.19237999999999977
237.19999999999993,0.19262699999999966
237.39999999999998,0.1934399999999996
237.5999999999999,0.19413099999999983
237.79999999999995,0.19403899999999985
237.9999999999999,0.1922919999999999
238.19999999999993,0.18938399999999977
238.39999999999998,0.18762099999999982
238.5999999999999,0.18568099999999976
238.79999999999995,0.18456099999999975
238.9999999999999,0.18466899999999975
239.19999999999993,0.18442699999999967
239.39999999999998,0.18267999999999973
239.5999999999999,0.1840799999999998
239.79999999999995,0.18513299999999977
239.9999999999999,0.18540499999999982
240.19999999999993,0.18682599999999971
240.39999999999998,0.1887129999999997
240.5999999999999,0.1880999999999997
240.79999999999995,0.18734199999999968
240.9999999999999,0.18580699999999983
241.19999999999993,0.18436799999999964
241.39999999999998,0.18359899999999962
241.5999999999999,0.1839179999999998
241.79999999999995,0.1828869999999998
241.9999999999999,0.18240599999999962
242.19999999999993,0.1813659999999997
242.39999999999998,0.17988899999999974
242.5999999999999,0.17855399999999966
242.79999999999995,0.1779179999999998
242.9999999999999,0.17853399999999975
243.19999999999993,0.1794819999999997
243.39999999999998,0.18110999999999966
243.5999999999999,0.1812739999999997
243.79999999999995,0.1819839999999997
243.9999999999999,0.18141099999999977
244.19999999999993,0.1794199999999997
244.39999999999998,0.17843399999999976
244.5999999999999,0.17906599999999973
244.79999999999995,0.17988699999999969
244.9999999999999,0.18068099999999965
245.19999999999993,0.18255999999999983
245.39999999999998,0.18170899999999968
245.5999999999999,0.18083399999999972
245.79999999999995,0.17947999999999964
245.9999999999999,0.17734999999999967
246.19999999999993,0.1746979999999998
246.39999999999998,0.17388599999999976
246.5999999999999,0.17314799999999964
246.79999999999995,0.17308599999999963
246.9999999999999,0.17438899999999968
247.19999999999993,0.17642499999999983
247.39999999999998,0.17819499999999966
247.5999999999999,0.17996899999999982
247.79999999999995,0.18067999999999973
247.9999999999999,0.17950299999999975
248.19999999999993,0.17726899999999968
248.39999999999998,0.17547699999999966
248.5999999999999,0.17284299999999964
248.79999999999995,0.17076099999999972
248.9999999999999,0.16966499999999973
249.19999999999993,0.16987099999999966
249.39999999999998,0.16920999999999964
249.5999999999999,0.1700539999999997
249.79999999999995,0.1712039999999997
249.9999999999999,0.1729029999999998
250.19999999999993,0.17378099999999974
250.39999999999998,0.17444399999999982
250.5999999999999,0.17363899999999965
250.79999999999995,0.17315199999999975
250.9999999999999,0.17240699999999975
251.19999999999993,0.17194699999999963
251.39999999999998,0.1721159999999997
251.5999999999999,0.1721459999999997
251.79999999999995,0.17045999999999983
251.9999999999999,0.16922899999999963
252.19999999999993,0.1691119999999997
252.39999999999998,0.16983899999999963
252.5999999999999,0.1697989999999998
252.79999999999995,0.17068499999999975
252.9999999999999,0.17090499999999964
253.19999999999993,0.17008399999999968
253.39999999999998,0.16985899999999976
253.5999999999999,0.17017999999999978
253.79999999999995,0.1708949999999998
253.9999999999999,0.17137899999999973
254.19999999999993,0.1722349999999997
254.39999999999998,0.17027899999999963
254.5999999999999,0.1692349999999998
254.79999999999995,0.16947699999999966
254.9999999999999,0.1695209999999998
255.19999999999993,0.16865899999999967
255.39999999999998,0.16806799999999966
255.5999999999999,0.16611399999999965
255.79999999999995,0.1631189999999998
255.9999999999999,0.16200099999999962
256.19999999999993,0.1613899999999997
256.4,0.16128599999999982
256.5999999999999,0.1626289999999997
256.79999999999995,0.16385399999999972
256.9999999999999,0.16470799999999963
257.19999999999993,0.16496799999999978
257.4,0.16497899999999976
257.5999999999999,0.16438999999999981
257.79999999999995,0.16307899999999975
257.9999999999999,0.16160099999999966
258.19999999999993,0.1601699999999997
258.4,0.16037299999999965
258.5999999999999,0.16088099999999983
258.79999999999995,0.16242599999999974
258.9999999999999,0.1626949999999998
259.19999999999993,0.16338399999999975
259.4,0.16271699999999978
259.5999999999999,0.16112199999999977
259.79999999999995,0.15879399999999966
259.9999999999999,0.15931099999999976
260.19999999999993,0.16087399999999974
260.4,0.16224799999999973
260.5999999999999,0.16328799999999966
260.79999999999995,0.16497099999999976
260.9999999999999,0.1651349999999998
261.19999999999993,0.16313399999999967
261.4,0.16200399999999981
261.5999999999999,0.16149699999999978
261.79999999999995,0.16181199999999962
261.9999999999999,0.1608219999999998
262.19999999999993,0.1607989999999997
262.4,0.15992499999999965
262.5999999999999,0.15929399999999982
262.79999999999995,0.15718999999999972
262.9999999999999,0.15573599999999965
263.19999999999993,0.15474799999999966
263.4,0.1549309999999997
263.5999999999999,0.15595799999999982
263.79999999999995,0.15789599999999981
263.9999999999999,0.16100999999999965
264.19999999999993,0.16355799999999965
264.4,0.1659539999999997
264.5999999999999,0.16792699999999972
264.79999999999995,0.16840399999999978
264.9999999999999,0.1659529999999998
265.19999999999993,0.16359699999999977
265.4,0.16106399999999965
265.5999999999999,0.1584399999999997
265.79999999999995,0.15630799999999967
265.9999999999999,0.15678099999999962
266.19999999999993,0.1566529999999997
266.4,0.15653899999999976
266.5999999999999,0.1564019999999997
266.79999999999995,0.15761199999999964
266.9999999999999,0.15725299999999964
267.19999999999993,0.15740999999999983
267.4,0.15672899999999967
267.5999999999999,0.15582099999999977
267.79999999999995,0.15544999999999964
267.9999999999999,0.15632499999999983
268.19999999999993,0.15697999999999968
268.4,0.15660699999999972
268.5999999999999,0.15585399999999971
268.79999999999995,0.15422999999999965
268.9999999999999,0.15157199999999982
269.19999999999993,0.15006899999999979
269.4,0.15106499999999978
269.5999999999999,0.1527139999999998
269.79999999999995,0.15392199999999967
269.9999999999999,0.1561079999999997
270.19999999999993,0.1565519999999998
270.4,0.1560349999999997
270.5999999999999,0.1556059999999997
270.79999999999995,0.15561599999999975
270.9999999999999,0.15533799999999975
271.19999999999993,0.15589699999999973
271.4,0.15627299999999966
271.5999999999999,0.15715299999999965
271.79999999999995,0.1566139999999998
271.9999999999999,0.15509399999999962
272.19999999999993,0.15365099999999976
272.4,0.15239199999999964
272.5999999999999,0.15089499999999978
272.79999999999995,0.14997799999999972
272.9999999999999,0.14972399999999975
273.19999999999993,0.14945799999999965
273.4,0.1498269999999997
273.5999999999999,0.1505949999999998
273.79999999999995,0.15266899999999972
273.9999999999999,0.1541119999999998
274.19999999999993,0.15598499999999982
274.4,0.15611899999999967
274.5999999999999,0.15549999999999975
274.79999999999995,0.1545869999999998
274.9999999999999,0.15635299999999974
275.19999999999993,0.15645299999999973
275.4,0.15690599999999977
275.5999999999999,0.15701599999999982
275.79999999999995,0.15599499999999966
275.9999999999999,0.15270999999999968
276.19999999999993,0.1513319999999998
276.4,0.15084399999999976
276.5999999999999,0.15146899999999963
276.79999999999995,0.1515559999999998
276.9999999999999,0.15204899999999966
277.19999999999993,0.1517449999999998
277.4,0.1514589999999998
277.5999999999999,0.15061199999999975
277.79999999999995,0.1506459999999996
277.9999999999999,0.15132999999999974
278.19999999999993,0.1511889999999998
278.4,0.15071599999999963
278.5999999999999,0.1517219999999997
278.79999999999995,0.15207299999999968
278.9999999999999,0.15178099999999972
279.19999999999993,0.15174299999999974
279.4,0.15149899999999983
279.5999999999999,0.1494789999999997
279.79999999999995,0.14831399999999983
279.9999999999999,0.14748399999999973
280.19999999999993,0.14625199999999983
280.4,0.14603699999999975
280.5999999999999,0.14562099999999978
280.79999999999995,0.14412199999999964
280.9999999999999,0.14368199999999964
281.19999999999993,0.1451779999999998
281.4,0.14661499999999972
281.5999999999999,0.14741099999999974
281.79999999999995,0.14835899999999969
281.9999999999999,0.14893399999999968
282.19999999999993,0.1486609999999997
282.4,0.1475209999999998
282.5999999999999,0.14666399999999968
282.79999999999995,0.14614599999999967
282.9999999999999,0.14490499999999962
283.19999999999993,0.1443829999999997
283.4,0.14351899999999973
283.5999999999999,0.14454299999999964
283.79999999999995,0.1467649999999998
283.9999999999999,0.14887799999999962
284.19999999999993,0.14997399999999983
284.4,0.15124099999999974
284.5999999999999,0.15125199999999972
284.79999999999995,0.1495679999999997
284.9999999999999,0.14832299999999976
285.19999999999993,0.14781199999999983
285.4,0.14851599999999965
285.5999999999999,0.14833699999999972
285.79999999999995,0.14827999999999975
285.9999999999999,0.1473869999999997
286.19999999999993,0.14582899999999976
286.4,0.1427769999999997
286.5999999999999,0.1403559999999997
286.79999999999995,0.13911899999999977
286.9999999999999,0.1383519999999998
287.19999999999993,0.1390819999999997
287.4,0.1406489999999998
287.5999999999999,0.14244899999999983
287.79999999999995,0.1429579999999997
287.9999999999999,0.14323699999999961
288.19999999999993,0.14309899999999964
288.4,0.14283699999999966
288.5999999999999,0.1426339999999997
288.79999999999995,0.1432129999999998
288.9999999999999,0.14349599999999962
289.19999999999993,0.14352399999999976
289.4,0.14535299999999962
289.5999999999999,0.1467949999999998
289.79999999999995,0.14661999999999975
289.9999999999999,0.14630799999999966
290.19999999999993,0.14538199999999968
290.4,0.14247699999999974
290.5999999999999,0.13986699999999974
290.79999999999995,0.1388689999999997
290.9999999999999,0.13952699999999973
291.19999999999993,0.14035699999999962
291.4,0.14088799999999968
291.5999999999999,0.14140299999999972
291.79999999999995,0.1417069999999998
291.9999999999999,0.14094499999999965
292.19999999999993,0.14071699999999976
292.4,0.14026499999999964
292.5999999999999,0.1399959999999998
292.79999999999995,0.14058499999999974
292.9999999999999,0.14097499999999963
293.19999999999993,0.14040699999999973
293.4,0.14071799999999968
293.5999999999999,0.1406179999999997
293.79999999999995,0.14095699999999978
293.9999999999999,0.14107699999999967
294.19999999999993,0.1414409999999997
294.4,0.14096699999999962
294.5999999999999,0.14066999999999963
294.79999999999995,0.13880599999999976
294.9999999999999,0.13806199999999968
295.19999999999993,0.13777499999999976
295.4,0.1373869999999997
295.5999999999999,0.13702499999999973
295.79999999999995,0.1391429999999998
295.9999999999999,0.14009399999999972
296.19999999999993,0.14083999999999963
296.4,0.14207599999999965
296.5999999999999,0.14386799999999966
296.79999999999995,0.14375399999999972
296.9999999999999,0.14356599999999964
297.19999999999993,0.14339099999999982
297.4,0.1436759999999997
297.5999999999999,0.14271299999999965
297.79999999999995,0.1409229999999997
297.9999999999999,0.13982099999999975
298.19999999999993,0.13935699999999973
298.4,0.1387769999999997
298.5999999999999,0.13894799999999963
298.79999999999995,0.13883699999999966
298.9999999999999,0.13815799999999978
299.19999999999993,0.13760399999999962
299.4,0.13820399999999977
299.5999999999999,0.13819899999999974
299.79999999999995,0.1388849999999997
299.9999999999999,0.14039299999999977
300.19999999999993,0.1417029999999997
300.4,0.14148399999999972
300.5999999999999,0.14058099999999962
300.79999999999995,0.14039499999999983
300.9999999999999,0.1393249999999997
301.19999999999993,0.13871999999999973
301.4,0.13917199999999963
301.5999999999999,0.14095899999999983
301.79999999999995,0.14113699999999962
301.9999999999999,0.1419959999999998
302.19999999999993,0.1416099999999998
302.4,0.14027999999999974
302.5999999999999,0.13851099999999983
302.79999999999995,0.13825099999999968
302.9999999999999,0.13605299999999976
303.19999999999993,0.13478299999999965
303.4,0.13361999999999963
303.5999999999999,0.13252099999999967
303.79999999999995,0.13161299999999976
303.9999999999999,0.1337769999999998
304.19999999999993,0.13503099999999968
304.4,0.13501499999999966
304.5999999999999,0.13484499999999966
304.79999999999995,0.13416099999999975
304.9999999999999,0.1334209999999998
305.19999999999993,0.1323869999999998
305.4,0.13218299999999972
305.5999999999999,0.13204899999999964
305.79999999999995,0.13261699999999976
305.9999999999999,0.13239999999999963
306.19999999999993,0.13258299999999967
306.4,0.1339349999999997
306.5999999999999,0.13520599999999972
306.79999999999995,0.13503099999999968
306.9999999999999,0.13426599999999977
307.19999999999993,0.13366799999999968
307.4,0.13376999999999972
307.5999999999999,0.13453899999999974
307.79999999999995,0.1357269999999997
307.9999999999999,0.13686799999999977
308.19999999999993,0.1382169999999998
308.4,0.13658499999999973
308.5999999999999,0.13485299999999967
308.79999999999995,0.13409599999999977
308.9999999999999,0.1335799999999998
309.19999999999993,0.1329469999999997
309.4,0.13456499999999982
309.5999999999999,0.13570299999999968
309.79999999999995,0.13468499999999972
309.9999999999999,0.13330399999999964
310.19999999999993,0.1326799999999997
310.4,0.1309819999999997
310.5999999999999,0.13051899999999983
310.79999999999995,0.13147099999999967
310.9999999999999,0.1328389999999997
311.19999999999993,0.13225999999999982
311.4,0.13247399999999976
311.5999999999999,0.13179499999999966
311.79999999999995,0.13174799999999975
311.9999999999999,0.13189799999999963
312.19999999999993,0.13333899999999965
312.4,0.13383699999999976
312.5999999999999,0.13387899999999964
312.79999999999995,0.13252099999999967
312.9999999999999,0.13102299999999967
313.19999999999993,0.12964799999999976
313.4,0.12946999999999975
313.5999999999999,0.12885299999999966
313.79999999999995,0.12867299999999982
313.9999999999999,0.1289349999999998
314.19999999999993,0.12846599999999975
314.4,0.12710599999999972
314.5999999999999,0.12723499999999976
314.79999999999995,0.12845799999999974
314.9999999999999,0.12916599999999967
315.19999999999993,0.13047399999999976
315.4,0.13173299999999966
315.5999999999999,0.1316179999999998
315.79999999999995,0.13105699999999976
315.9999999999999,0.13170999999999977
316.19999999999993,0.13168999999999964
316.4,0.13128099999999976
316.5999999999999,0.13174499999999978
316.79999999999995,0.1301469999999998
316.9999999999999,0.1279239999999997
317.19999999999993,0.12634699999999977
317.4,0.1254219999999997
317.5999999999999,0.12425399999999964
317.79999999999995,0.12540499999999977
317.9999999999999,0.12704599999999977
318.19999999999993,0.1280199999999998
318.4,0.12831299999999968
318.5999999999999,0.12841099999999983
318.79999999999995,0.12896299999999972
318.9999999999999,0.12890499999999983
319.19999999999993,0.12752499999999967
319.4,0.12690599999999974
319.5999999999999,0.12647099999999978
319.79999999999995,0.12434399999999979
319.9999999999999,0.12197099999999983
320.19999999999993,0.12243799999999982
320.4,0.12344399999999967
320.5999999999999,0.12320799999999976
320.79999999999995,0.12371399999999966
320.9999999999999,0.12459299999999973
321.19999999999993,0.12466399999999966
321.4,0.12427699999999975
321.5999999999999,0.12543899999999963
321.79999999999995,0.12629699999999966
321.9999999999999,0.12701199999999968
322.19999999999993,0.12754099999999968
322.4,0.12783399999999978
322.5999999999999,0.12778699999999965
322.79999999999995,0.1278619999999997
322.9999999999999,0.12620499999999968
323.19999999999993,0.12354099999999968
323.4,0.12099399999999982
323.5999999999999,0.12024299999999966
323.79999999999995,0.12029499999999982
323.9999999999999,0.12302499999999972
324.19999999999993,0.12702899999999961
324.4,0.13030399999999975
324.5999999999999,0.13208999999999982
324.79999999999995,0.13372099999999976
324.9999999999999,0.13291099999999978
325.19999999999993,0.1311709999999997
325.4,0.13093299999999974
325.5999999999999,0.13009699999999969
325.79999999999995,0.12850999999999968
325.9999999999999,0.12764099999999967
326.19999999999993,0.12724499999999983
326.4,0.1255299999999997
326.5999999999999,0.12409999999999966
326.79999999999995,0.12268199999999974
326.9999999999999,0.12220999999999971
327.19999999999993,0.12255199999999977
327.4,0.12316599999999966
327.5999999999999,0.12389299999999981
327.79999999999995,0.12464699999999973
327.9999999999999,0.12508399999999975
328.19999999999993,0.12392899999999973
328.4,0.12354299999999974
328.5999999999999,0.12309099999999962
328.79999999999995,0.12289999999999979
328.9999999999999,0.12304799999999982
329.19999999999993,0.12403699999999973
329.4,0.1250089999999997
329.5999999999999,0.12488199999999972
329.79999999999995,0.12525799999999965
329.9999999999999,0.12475299999999967
330.19999999999993,0.12454399999999977
330.4,0.12393099999999979
330.5999999999999,0.12358899999999973
330.79999999999995,0.12307699999999966
330.9999999999999,0.12278199999999972
331.19999999999993,0.12223599999999979
331.4,0.12157399999999963
331.5999999999999,0.12173699999999976
331.79999999999995,0.12166199999999971
331.9999999999999,0.12137299999999973
332.19999999999993,0.12100999999999962
332.4,0.1205069999999997
332.5999999999999,0.12007499999999971
332.79999999999995,0.1202099999999997
332.9999999999999,0.12099899999999963
333.19999999999993,0.12193999999999972
333.4,0.12236999999999965
333.5999999999999,0.1228739999999997
333.79999999999995,0.12220599999999981
333.9999999999999,0.12058899999999984
334.19999999999993,0.11828799999999973
334.4,0.11712399999999978
334.5999999999999,0.1164529999999997
334.79999999999995,0.11763099999999982
334.9999999999999,0.11859699999999962
335.19999999999993,0.11961699999999964
335.4,0.12195199999999962
335.5999999999999,0.12323399999999962
335.79999999999995,0.12270599999999976
335.9999999999999,0.12293799999999977
336.19999999999993,0.12362599999999979
336.4,0.12262699999999982
336.5999999999999,0.12263699999999966
336.79999999999995,0.12245199999999978
336.9999999999999,0.12089799999999973
337.19999999999993,0.11996099999999976
337.4,0.11990899999999982
337.5999999999999,0.1194489999999997
337.79999999999995,0.11890799999999979
337.9999999999999,0.11954499999999979
338.19999999999993,0.12007599999999963
338.4,0.12015199999999981
338.5999999999999,0.1201479999999997
338.79999999999995,0.11980999999999975
338.9999999999999,0.12026599999999976
339.19999999999993,0.12088799999999966
339.4,0.12111099999999975
339.5999999999999,0.12029299999999976
339.79999999999995,0.12253099999999972
339.9999999999999,0.12328299999999981
340.19999999999993,0.12454199999999971
340.4,0.12410599999999983
340.5999999999999,0.12509999999999977
340.79999999999995,0.12355799999999983
340.9999999999999,0.12316399999999983
341.19999999999993,0.12104799999999982
341.4,0.12022699999999964
341.5999999999999,0.1203599999999998
341.79999999999995,0.12213299999999983
341.9999999999999,0.12287099999999973
342.19999999999993,0.12328499999999964
342.4,0.12459399999999965
342.5999999999999,0.12426699999999968
342.79999999999995,0.12265299999999968
342.9999999999999,0.12205299999999975
343.19999999999993,0.1216069999999998
343.4,0.11999799999999983
343.5999999999999,0.1188079999999998
343.79999999999995,0.1187189999999998
343.9999999999999,0.11771899999999969
344.19999999999993,0.11771099999999968
344.4,0.11732099999999979
344.5999999999999,0.11769299999999983
344.79999999999995,0.11806599999999978
344.9999999999999,0.11878799999999967
345.19999999999993,0.11828999999999978
345.4,0.11958499999999983
345.5999999999999,0.11964899999999967
345.79999999999995,0.11938699999999969
345.9999999999999,0.11892599999999964
346.19999999999993,0.11966699999999975
346.4,0.11893299999999973
346.5999999999999,0.11927699999999963
346.79999999999995,0.12043599999999977
346.9999999999999,0.12147099999999966
347.19999999999993,0.12212199999999962
347.4,0.1231249999999997
347.5999999999999,0.1226029999999998
347.79999999999995,0.1218699999999997
347.9999999999999,0.12155899999999975
348.19999999999993,0.12067799999999962
348.4,0.11957499999999976
348.5999999999999,0.12006999999999968
348.79999999999995,0.11879899999999965
348.9999999999999,0.11775499999999983
349.19999999999993,0.11705999999999972
349.4,0.11790599999999962
349.5999999999999,0.11785399999999968
349.79999999999995,0.11891099999999977
349.9999999999999,0.11986499999999967
350.19999999999993,0.11953499999999972
350.4,0.11808299999999972
350.5999999999999,0.11621999999999977
350.79999999999995,0.1143139999999998
350.9999999999999,0.11320499999999978
351.19999999999993,0.11383399999999977
351.4,0.11258499999999971
351.5999999999999,0.11093799999999976
351.79999999999995,0.11041799999999968
351.9999999999999,0.11122599999999983
352.19999999999993,0.11133399999999982
352.4,0.11289599999999966
352.5999999999999,0.11521899999999974
352.79999999999995,0.11662999999999979
352.9999999999999,0.11608699999999983
353.19999999999993,0.11591599999999969
353.4,0.11558399999999969
353.5999999999999,0.11547399999999963
353.79999999999995,0.11483899999999969
353.9999999999999,0.11408299999999971
354.19999999999993,0.11456299999999975
354.4,0.11596799999999963
354.5999999999999,0.11720299999999972
354.79999999999995,0.11721099999999973
354.9999999999999,0.11794399999999983
355.19999999999993,0.11698399999999975
355.4,0.11573799999999967
355.5999999999999,0.11443599999999976
355.79999999999995,0.11476699999999962
355.9999999999999,0.11459299999999972
356.19999999999993,0.11582799999999982
356.4,0.11599199999999965
356.5999999999999,0.11761999999999961
356.79999999999995,0.11869299999999972
356.9999999999999,0.11875699999999978
357.19999999999993,0.11854099999999979
357.4,0.1194029999999997
357.5999999999999,0.1174989999999998
357.79999999999995,0.11446999999999963
357.9999999999999,0.11393999999999971
358.19999999999993,0.11332299999999962
358.4,0.1124879999999997
358.5999999999999,0.11377799999999971
358.79999999999995,0.11596399999999973
358.9999999999999,0.11628299999999969
359.19999999999993,0.11628699999999981
359.4,0.11587399999999981
359.5999999999999,0.11422699999999963
359.79999999999995,0.11298499999999967
359.9999999999999,0.11217499999999969
360.19999999999993,0.11121799999999982
360.4,0.11148599999999975
360.5999999999999,0.11251699999999976
360.79999999999995,0.11218999999999979
360.9999999999999,0.11099199999999976
361.19999999999993,0.11054599999999981
361.4,0.10904899999999973
361.5999999999999,0.10774499999999976
361.79999999999995,0.1073449999999998
361.9999999999999,0.10842299999999971
362.19999999999993,0.10921599999999976
362.4,0.11104899999999973
362.5999999999999,0.11244399999999977
362.79999999999995,0.11399099999999973
362.9999999999999,0.11447899999999978
363.19999999999993,0.11377299999999968
363.4,0.11218399999999962
363.5999999999999,0.11081899999999978
363.79999999999995,0.10973699999999975
363.9999999999999,0.10885699999999976
364.19999999999993,0.11005099999999968
364.4,0.11214299999999966
364.5999999999999,0.11312999999999973
364.79999999999995,0.11276499999999978
364.9999999999999,0.11280299999999976
365.19999999999993,0.11039899999999969
365.4,0.10819499999999982
365.5999999999999,0.10884499999999964
365.79999999999995,0.11100199999999982
365.9999999999999,0.11203399999999974
366.19999999999993,0.11331799999999981
366.4,0.11417399999999978
366.5999999999999,0.11358399999999969
366.79999999999995,0.11272099999999963
366.9999999999999,0.11214899999999983
367.19999999999993,0.11236399999999969
367.4,0.11300899999999969
367.5999999999999,0.11268799999999968
367.79999999999995,0.11139999999999972
367.9999999999999,0.11070899999999972
368.19999999999993,0.11103299999999972
368.4,0.11157799999999973
368.5999999999999,0.1117969999999997
368.79999999999995,0.11268999999999973
368.9999999999999,0.11335599999999979
369.19999999999993,0.11324199999999962
369.4,0.1116349999999997
369.5999999999999,0.10988499999999979
369.79999999999995,0.10936299999999965
369.9999999999999,0.10963999999999974
370.19999999999993,0.10888899999999979
370.4,0.10875199999999974
370.5999999999999,0.10924199999999962
370.79999999999995,0.10842499999999977
370.9999999999999,0.10715399999999975
371.19999999999993,0.10817799999999966
371.4,0.1084689999999997
371.5999999999999,0.10840399999999972
371.79999999999995,0.10799499999999962
371.9999999999999,0.1075149999999998
372.19999999999993,0.10565099999999972
372.4,0.10556299999999963
372.5999999999999,0.10629599999999972
372.79999999999995,0.10620699999999972
372.9999999999999,0.1066849999999997
373.19999999999993,0.10666099999999967
373.4,0.10667799999999983
373.5999999999999,0.10610899999999979
373.79999999999995,0.10684899999999975
373.9999999999999,0.10605899999999968
374.19999999999993,0.10660999999999965
374.4,0.10687999999999964
374.5999999999999,0.10647599999999979
374.79999999999995,0.10569699999999971
374.9999999999999,0.10673999999999984
375.19999999999993,0.10658299999999965
375.4,0.10523999999999978
375.5999999999999,0.10489099999999962
375.79999999999995,0.10540499999999975
375.9999999999999,0.10398299999999971
376.19999999999993,0.10425599999999968
376.4,0.10524799999999979
376.5999999999999,0.10710199999999981
376.79999999999995,0.10905099999999979
376.9999999999999,0.11071099999999978
377.19999999999993,0.11093999999999982
377.4,0.11112899999999981
377.5999999999999,0.10968299999999975
377.79999999999995,0.1080979999999998
377.9999999999999,0.10863699999999965
378.19999999999993,0.10943199999999975
378.4,0.10977499999999973
378.5999999999999,0.11032299999999973
378.79999999999995,0.11034899999999981
378.9999999999999,0.10929299999999964
379.19999999999993,0.10786099999999976
379.4,0.10786999999999969
379.5999999999999,0.10885999999999973
379.79999999999995,0.11017399999999977
379.9999999999999,0.10999699999999968
380.19999999999993,0.10984399999999983
380.4,0.10824399999999978
380.5999999999999,0.10729399999999978
380.79999999999995,0.10580099999999981
380.9999999999999,0.10497699999999965
381.19999999999993,0.10498799999999964
381.4,0.10530399999999962
381.5999999999999,0.10504099999999972
381.79999999999995,0.10621299999999967
381.9999999999999,0.10947699999999982
382.19999999999993,0.11083299999999974
382.4,0.11155999999999966
382.5999999999999,0.11289299999999969
382.79999999999995,0.11368899999999971
382.9999999999999,0.11294999999999966
383.19999999999993,0.11229599999999973
383.4,0.11185699999999965
383.5999999999999,0.11149999999999971
383.79999999999995,0.11041499999999971
383.9999999999999,0.1098589999999997
384.19999999999993,0.10963299999999965
384.4,0.1100629999999998
384.5999999999999,0.10814099999999982
384.79999999999995,0.10658699999999977
384.9999999999999,0.10545799999999983
385.19999999999993,0.10569799999999963
385.4,0.10334399999999966
385.5999999999999,0.1033839999999997
385.79999999999995,0.10407199999999972
385.9999999999999,0.10414999999999974
386.19999999999993,0.10417099999999979
386.4,0.1055609999999998
386.5999999999999,0.10635099999999964
386.79999999999995,0.10611199999999976
386.9999999999999,0.10682299999999967
387.19999999999993,0.10704799999999981
387.4,0.1075539999999997
387.5999999999999,0.10793099999999978
387.79999999999995,0.10804999999999976
387.9999999999999,0.10688799999999965
388.19999999999993,0.10594299999999968
388.4,0.1055539999999997
388.5999999999999,0.10455999999999976
388.79999999999995,0.10559099999999977
388.9999999999999,0.10573399999999977
389.19999999999993,0.10555299999999979
389.4,0.10614699999999977
389.5999999999999,0.10632999999999981
389.79999999999995,0.10431599999999963
389.9999999999999,0.10395599999999972
390.19999999999993,0.10375599999999974
390.4,0.10294799999999982
390.5999999999999,0.10350299999999968
390.79999999999995,0.1047619999999998
390.9999999999999,0.10450699999999968
391.19999999999993,0.10484099999999974
391.4,0.10501899999999975
391.5999999999999,0.10408599999999968
391.79999999999995,0.10420899999999977
391.9999999999999,0.10451599999999983
392.19999999999993,0.1039129999999997
392.4,0.10297299999999976
392.5999999999999,0.10385799999999978
392.79999999999995,0.10316999999999976
392.9999999999999,0.10351199999999983
393.19999999999993,0.10413999999999968
393.4,0.10474399999999973
393.5999999999999,0.10399299999999978
393.79999999999995,0.1042679999999998
393.9999999999999,0.10500999999999983
394.19999999999993,0.1053839999999997
394.4,0.10619999999999963
394.5999999999999,0.10548299999999977
394.79999999999995,0.10424599999999962
394.9999999999999,0.10212999999999983
395.19999999999993,0.1008819999999997
395.4,0.09891599999999978
395.5999999999999,0.10000699999999973
395.79999999999995,0.10175399999999968
395.9999999999999,0.10409699999999966
396.19999999999993,0.10489099999999962
396.4,0.10576499999999966
396.5999999999999,0.1043529999999997
396.79999999999995,0.10312399999999977
396.9999999999999,0.10215099999999966
397.19999999999993,0.10143599999999964
397.4,0.10040899999999975
397.5999999999999,0.10036399999999968
397.79999999999995,0.09998799999999974
397.9999999999999,0.0999129999999997
398.19999999999993,0.10068499999999969
398.4,0.10113899999999965
398.5999999999999,0.09995799999999977
398.79999999999995,0.09972199999999964
398.9999999999999,0.0996579999999998
399.19999999999993,0.09967899999999963
399.4,0.10022899999999968
399.5999999999999,0.10259399999999963
399.79999999999995,0.10329199999999972
399.9999999999999,0.10324499999999981
400.19999999999993,0.10411099999999962
400.4,0.10496599999999967
400.5999999999999,0.10453199999999963
400.79999999999995,0.10430299999999981
400.9999999999999,0.10433099999999973
401.19999999999993,0.10386399999999973
401.4,0.10492899999999983
401.5999999999999,0.10625699999999982
401.79999999999995,0.10706199999999977
401.9999999999999,0.10821199999999975
402.19999999999993,0.10822399999999965
402.4,0.10627699999999973
402.5999999999999,0.10550399999999982
402.79999999999995,0.10595199999999982
402.9999999999999,0.10533199999999976
403.19999999999993,0.10488799999999965
403.4,0.10523299999999969
403.5999999999999,0.10446799999999978
403.79999999999995,0.10301899999999975
403.9999999999999,0.10168099999999969
404.19999999999993,0.10022999999999982
404.4,0.09986499999999965
404.5999999999999,0.09997699999999976
404.79999999999995,0.10097699999999965
404.9999999999999,0.10127399999999964
405.19999999999993,0.10167499999999974
405.4,0.10167299999999968
405.5999999999999,0.10156499999999968
405.79999999999995,0.1004689999999997
405.9999999999999,0.09946199999999972
406.19999999999993,0.09852399999999983
406.4,0.09773999999999972
406.5999999999999,0.09768699999999964
406.79999999999995,0.09840399999999971
406.9999999999999,0.09947199999999978
407.19999999999993,0.10140899999999964
407.4,0.10224899999999981
407.5999999999999,0.10373699999999975
407.79999999999995,0.10352299999999981
407.9999999999999,0.1039749999999997
408.19999999999993,0.10278799999999966
408.4,0.10263499999999981
408.5999999999999,0.0999749999999997
408.79999999999995,0.09842699999999982
408.9999999999999,0.09694199999999964
409.19999999999993,0.09707799999999978
409.4,0.0975499999999998
409.5999999999999,0.10017599999999982
409.79999999999995,0.10273899999999969
409.9999999999999,0.10521699999999967
410.19999999999993,0.10674499999999965
410.4,0.10710999999999982
410.5999999999999,0.10678199999999971
410.79999999999995,0.1062869999999998
410.9999999999999,0.10396499999999964
411.19999999999993,0.10152099999999975
411.4,0.09944999999999982
411.5999999999999,0.09712299999999963
411.79999999999995,0.0947199999999997
411.9999999999999,0.09482199999999974
412.19999999999993,0.09518599999999977
412.4,0.09591499999999975
412.5999999999999,0.09659599999999968
412.79999999999995,0.09731199999999962
412.9999999999999,0.09791899999999965
413.19999999999993,0.09940099999999963
413.4,0.10015599999999969
413.5999999999999,0.10101799999999983
413.79999999999995,0.10129599999999983
413.9999999999999,0.10072299999999967
414.19999999999993,0.09874099999999975
414.4,0.09685799999999967
414.5999999999999,0.09565299999999977
414.79999999999995,0.09583399999999975
414.9999999999999,0.09629999999999983
415.19999999999993,0.09813999999999967
415.4,0.09944299999999973
415.5999999999999,0.10053399999999968
415.79999999999995,0.10137399999999963
415.9999999999999,0.10213999999999968
416.19999999999993,0.10226999999999964
416.4,0.10288399999999975
416.5999999999999,0.10285199999999972
416.79999999999995,0.10167399999999982
416.9999999999999,0.1005849999999997
417.19999999999993,0.10057799999999983
417.4,0.10045799999999971
417.5999999999999,0.09921099999999972
417.79999999999995,0.09973499999999969
417.9999999999999,0.10073399999999966
418.19999999999993,0.10059799999999974
418.4,0.09987699999999977
418.5999999999999,0.10083299999999973
418.79999999999995,0.10059899999999966
418.9999999999999,0.10004699999999977
419.19999999999993,0.09900199999999981
